customer_id,first_name,last_name,email,phone,address,city,state,zipcode,date_of_birth,gender
1001,Kathy,,kwingfield0@businesswire.com,2184882852,PO Box 39392,Duluth,Minnesota,55811,2001-12-14,Female
1002,Aile,Sweet,asweet1@github.io,2056933533,19th Floor,Birmingham,Alabama,35205,2002-02-07,Female
1003,Elonore,Fandrey,efandrey2@oracle.com,7175359390,Suite 54,Harrisburg,Pennsylvania,17126,1998-12-22,Female
1004,Paige,,phundy3@reuters.com,6304603107,Apt 1267,Chicago,Illinois,60641,1998-03-09,Female
1005,Omero,Goodyer,ogoodyer4@independent.co.uk,8163595517,,Kansas City,Missouri,64130,1995-01-18,Male
1006,Tersina,Molan,tmolan5@mediafire.com,6012988706,3rd Floor,Meridian,Mississippi,39305,1995-11-30,Female
1007,Percival,Danshin,pdanshin6@illinois.edu,5013822918,PO Box 55205,North Little Rock,Arkansas,72199,2003-11-18,Male
1008,Rica,Drakes,rdrakes7@marketwatch.com,9126578248,Room 1245,Savannah,Georgia,31410,2003-05-19,Female
1009,Saunderson,Cawtheray,scawtheray8@dropbox.com,9708658562,Room 1787,Greeley,Colorado,80638,1996-07-19,Male
1010,Flori,Challes,fchalles9@yolasite.com,5133882103,15th Floor,Cincinnati,Ohio,45223,1999-01-31,Female
1011,Gail,Swatton,gswattona@naver.com,7702294444,Suite 93,Duluth,Georgia,30096,,Female
1012,Gizela,Withnall,gwithnallb@reference.com,6156218801,Suite 15,Nashville,Tennessee,37235,2002-12-22,Female
1013,Aksel,Bastiman,abastimanc@pbs.org,6264193184,Room 922,Van Nuys,California,91411,1998-02-16,Male
1014,Sheffie,Gingel,sgingeld@acquirethisname.com,,,Amarillo,Texas,79171,1995-01-17,Male
1015,Rosemonde,Swaine,rswainee@wisc.edu,5157655992,Room 14,Des Moines,Iowa,50362,1995-12-25,Female
1016,Kelly,Ayshford,kayshfordf@weebly.com,3153099531,12th Floor,Syracuse,New York,13251,1997-03-26,Male
1017,Yasmin,Syncke,ysynckeg@wufoo.com,2056203356,,Birmingham,Alabama,35225,1992-12-08,Female
1018,Ibby,Emmens,iemmensh@tumblr.com,8507332561,10th Floor,Panama City,Florida,32412,,Female
1019,Burton,Churm,bchurmi@ameblo.jp,4027644782,Suite 47,Omaha,Nebraska,68105,2003-02-11,Male
1020,Harper,Thorwarth,hthorwarthj@theatlantic.com,4132732635,Room 334,Springfield,Massachusetts,01114,1997-07-08,Male
1021,Lazarus,Kynder,lkynderk@va.gov,8655432178,6th Floor,Knoxville,Tennessee,37914,2001-07-26,Male
1022,Alonzo,Trimble,atrimblel@geocities.jp,9147277193,Suite 74,Staten Island,New York,10310,1994-06-25,Male
1023,Halli,Saterthwait,hsaterthwaitm@hostgator.com,4084102004,16th Floor,San Jose,California,95150,2005-07-04,Female
1024,Doroteya,Franzetti,dfranzettin@webs.com,5129285133,Room 758,Austin,Texas,78764,1995-05-09,Female
1025,Vivianna,Halley,vhalleyo@blog.com,5045732688,,New Orleans,Louisiana,70174,1996-05-11,Female
1026,Gwendolin,Spoors,gspoorsp@rediff.com,2033107215,Apt 1592,Norwalk,Connecticut,06859,1992-02-14,Female
1027,Mag,Elfes,melfesq@europa.eu,6468105054,Apt 747,New York City,New York,10155,1992-11-03,Female
1028,Hadrian,Petchey,hpetcheyr@ucla.edu,4104312371,PO Box 81301,Laurel,Maryland,20709,2000-08-06,Male
1029,Elita,Tomek,etomeks@nature.com,2171520779,PO Box 22083,Springfield,Illinois,62764,1997-07-29,Female
1030,Tatiana,Harner,tharnert@vk.com,4405611826,Apt 1827,Cleveland,Ohio,44130,2004-04-16,Female
1031,Claybourne,Girkin,cgirkinu@wikimedia.org,6021433508,6th Floor,Glendale,Arizona,85305,2000-06-22,Male
1032,Kristopher,Gwinnel,kgwinnelv@ted.com,2815765115,10th Floor,Houston,Texas,77075,1997-10-15,Male
1033,Perla,Legendre,plegendrew@nymag.com,7546330876,Apt 564,Fort Lauderdale,Florida,33345,1999-03-05,Female
1034,Earl,Setter,esetterx@theglobeandmail.com,7271672775,13th Floor,Saint Petersburg,Florida,33715,1993-11-03,Male
1035,Creighton,,cworvielly@pbs.org,9732748668,Room 1068,Paterson,New Jersey,07522,1998-05-15,Male
1036,Dylan,Behnecke,dbehneckez@yahoo.co.jp,9546582537,Room 179,Fort Lauderdale,Florida,33305,2005-11-21,Male
1037,Bertram,,bfreeberne10@upenn.edu,,Suite 43,Amarillo,Texas,79159,1996-02-15,Male
1038,Latashia,Betjeman,lbetjeman11@webmd.com,5121309287,PO Box 33426,Austin,Texas,78749,1997-12-14,Female
1039,Anton,Zoanetti,azoanetti12@mlb.com,7577137274,10th Floor,Newport News,Virginia,23612,2001-02-08,Male
1040,Wilhelmina,,wdequesne13@etsy.com,5701198554,Apt 628,Wilkes Barre,Pennsylvania,18768,2003-08-26,Female
1041,Goddard,Biasini,gbiasini14@pen.io,7573834698,Suite 18,Norfolk,Virginia,23504,2000-08-25,Male
1042,Vanya,Cheese,vcheese15@miibeian.gov.cn,9149183800,Room 1678,White Plains,New York,10633,2002-05-21,Male
1043,De,Dearman,ddearman16@qq.com,3021029335,PO Box 66890,Newark,Delaware,19725,2002-06-28,Female
1044,Lindi,Beals,lbeals17@rediff.com,6141376153,Suite 59,Columbus,Ohio,43210,1997-10-26,Female
1045,Dave,Grose,dgrose18@state.tx.us,7036742678,Room 1664,Alexandria,Virginia,22309,1993-11-29,Male
1046,Amery,Ballin,aballin19@thetimes.co.uk,5178493478,Suite 21,Lansing,Michigan,48930,1994-05-19,Male
1047,Udall,Dransfield,udransfield1a@pinterest.com,3213619617,Suite 35,Orlando,Florida,32825,1998-05-06,Male
1048,Leslie,Sankey,lsankey1b@microsoft.com,9176137090,5th Floor,Brooklyn,New York,11215,1998-08-26,Female
1049,Nathalia,Haines,nhaines1c@whitehouse.gov,8055220795,Room 955,San Luis Obispo,California,93407,2000-07-22,Female
1050,Bridie,Breakwell,bbreakwell1d@4shared.com,7061974128,Room 1649,Athens,Georgia,30605,1996-05-15,Female
1051,Erwin,Dessent,edessent1e@theglobeandmail.com,3145885844,Apt 625,Saint Louis,Missouri,63196,2004-12-21,Male
1052,Arie,Tregido,atregido1f@hostgator.com,5164922685,10th Floor,Hicksville,New York,11854,2004-05-13,Male
1053,Kenyon,Glaum,kglaum1g@google.pl,6156798724,18th Floor,Nashville,Tennessee,37205,1993-01-14,Male
1054,Free,Spreadbury,fspreadbury1h@apache.org,6172107405,PO Box 44752,Boston,Massachusetts,02163,1998-01-22,Male
1055,Ferd,Cardwell,fcardwell1i@icq.com,7049158036,Apt 1126,Charlotte,North Carolina,28278,1992-05-14,Male
1056,Justin,Spellard,jspellard1j@cargocollective.com,9099690761,11th Floor,San Bernardino,California,92405,1999-10-13,Male
1057,Fidelio,Sangra,fsangra1k@pagesperso-orange.fr,2531193051,Suite 58,Tacoma,Washington,98411,1994-11-11,Male
1058,Cos,Trimme,ctrimme1l@squidoo.com,9722557408,Room 1894,Dallas,Texas,75251,1998-01-11,Male
1059,Osborne,Karpfen,okarpfen1m@yellowbook.com,9149729559,Room 1225,Mount Vernon,New York,10557,2002-11-29,Male
1060,Lyndy,Godly,lgodly1n@scientificamerican.com,5593375033,Apt 244,Fresno,California,93750,1999-04-23,Female
1061,Cayla,,cdeeble1o@naver.com,3303648041,Room 1663,Canton,Ohio,44710,1993-07-28,Female
1062,Pauly,Casement,pcasement1p@bigcartel.com,6519777489,20th Floor,Saint Paul,Minnesota,55146,2003-12-28,Male
1063,Ingaberg,Kestle,ikestle1q@abc.net.au,3175999230,Room 1226,Indianapolis,Indiana,46216,1994-01-18,Female
1064,Helen-elizabeth,De la Eglise,hdelaeglise1r@themeforest.net,4192265202,Suite 49,Lima,Ohio,45807,1992-02-15,Female
1065,Jule,,jsuddick1s@wordpress.com,2051740063,2nd Floor,Birmingham,Alabama,35220,2005-07-14,Male
1066,Dorry,Nanninini,dnanninini1t@dion.ne.jp,2342650916,PO Box 13090,Akron,Ohio,44393,2000-03-19,Female
1067,Kaylil,Antowski,kantowski1u@intel.com,9895232098,PO Box 15466,Saginaw,Michigan,48609,2002-08-18,Female
1068,Ira,Mc Grath,imcgrath1v@theguardian.com,9167691069,Suite 33,Sacramento,California,95894,2000-12-26,Female
1069,Kermy,Marzelle,kmarzelle1w@free.fr,7138376005,Room 610,Houston,Texas,77299,2002-10-31,Male
1070,Earl,Danielovitch,edanielovitch1x@thetimes.co.uk,7706774820,Suite 64,Alpharetta,Georgia,30022,1994-05-23,Male
1071,Krispin,Bursnell,kbursnell1y@si.edu,3102753364,,Santa Monica,California,90405,1999-06-16,Male
1072,Irvine,Franssen,ifranssen1z@g.co,9184452667,Suite 43,Tulsa,Oklahoma,74149,1993-03-28,Male
1073,Eveline,Castells,ecastells20@jiathis.com,3207599918,Apt 473,Saint Cloud,Minnesota,56372,1995-05-11,Female
1074,Marina,Presshaugh,mpresshaugh21@yandex.ru,5719062363,Suite 14,Sterling,Virginia,20167,2000-07-25,Female
1075,Pate,Betham,pbetham22@tuttocitta.it,9131343779,Suite 70,Kansas City,Kansas,66160,2001-02-10,Male
1076,Rhonda,Poetz,rpoetz23@symantec.com,9151858264,Apt 796,El Paso,Texas,88574,,Female
1077,Ernie,Lepope,elepope24@github.com,6829230868,,,Texas,76198,1992-03-04,Male
1078,Archibald,Aldersley,aaldersley25@wordpress.org,8013920382,Apt 307,Salt Lake City,Utah,84189,1992-08-14,Male
1079,Flemming,Kuhnel,fkuhnel26@toplist.cz,5736517704,Apt 1938,Jefferson City,Missouri,65105,1998-09-28,Male
1080,Orson,Hiseman,ohiseman27@constantcontact.com,8139525779,Room 1502,Clearwater,Florida,33758,1993-03-24,Male
1081,Henry,Zaniolo,hzaniolo28@nhs.uk,7023193175,16th Floor,Henderson,Nevada,89074,1996-12-27,Male
1082,Danya,Schuelcke,dschuelcke29@themeforest.net,8148338123,8th Floor,Johnstown,Pennsylvania,15906,1993-12-30,Male
1083,Vassili,Meeks,vmeeks2a@marriott.com,2545573813,4th Floor,Killeen,Texas,76544,1997-07-04,Male
1084,Elwin,Fierro,efierro2b@stumbleupon.com,,Suite 5,Boston,Massachusetts,02119,1998-06-16,Male
1085,Evan,Riveles,eriveles2c@cbsnews.com,5718744489,Apt 1515,Merrifield,Virginia,22119,1999-11-30,Male
1086,Pedro,McAw,pmcaw2d@indiegogo.com,4156587091,Suite 40,San Francisco,California,94169,2002-08-20,Male
1087,Lind,MacCollom,lmaccollom2e@wufoo.com,9721128654,PO Box 8844,Dallas,Texas,75205,1992-07-19,Male
1088,Skyler,Bedow,sbedow2f@etsy.com,2103135271,Apt 1517,San Antonio,Texas,78205,1998-03-30,Male
1089,Drew,Romain,dromain2g@prweb.com,2054154934,Apt 411,Birmingham,Alabama,35225,1995-07-19,Male
1090,Marrissa,Tournay,mtournay2h@dailymail.co.uk,6037142473,,Portsmouth,New Hampshire,00214,2005-04-24,Female
1091,Tamra,Corrin,tcorrin2i@discuz.net,9102390187,12th Floor,Fayetteville,North Carolina,28314,1998-01-21,Female
1092,Ulrick,Duckers,uduckers2j@ftc.gov,3143230220,Room 1761,,Missouri,63110,1994-07-24,Male
1093,Kiley,Chessil,kchessil2k@china.com.cn,5161771810,Suite 82,New York City,New York,10004,1999-03-24,Male
1094,Quintin,D'Adamo,qdadamo2l@hugedomains.com,8055940382,Apt 1567,Santa Barbara,California,93106,2005-04-17,Male
1095,Kali,Knightly,kknightly2m@woothemes.com,6198477292,Apt 706,San Diego,California,92137,1994-07-06,Female
1096,Kathie,Leckey,kleckey2n@sitemeter.com,5627858804,Apt 552,Los Angeles,California,90005,1998-10-14,Female
1097,Nan,Wallbutton,nwallbutton2o@moonfruit.com,4074494671,Room 1913,Orlando,Florida,32813,2000-07-18,Female
1098,Ado,Trimming,atrimming2p@1688.com,,Suite 5,Baton Rouge,Louisiana,70815,1993-12-14,Male
1099,Arlyn,,asimacek2q@guardian.co.uk,5205879629,Apt 589,Tucson,Arizona,85748,2005-01-02,Female
1100,Harman,Tellenbach,htellenbach2r@xrea.com,4144551343,,Milwaukee,Wisconsin,53234,2001-02-15,Male
1101,Starla,Stout,sstout2s@redcross.org,9544990395,Suite 63,Hollywood,Florida,33023,2005-07-13,Female
1102,Quinta,Olivi,qolivi2t@ask.com,8126153029,Room 646,Evansville,Indiana,47747,2001-10-22,Female
1103,Madelene,Eisikovitsh,meisikovitsh2u@omniture.com,9413862405,Apt 1450,Sarasota,Florida,34233,,Female
1104,Earl,Giacopazzi,egiacopazzi2v@4shared.com,3613590579,Apt 934,Corpus Christi,Texas,78426,1999-01-11,Male
1105,Alexis,Sweeting,asweeting2w@canalblog.com,9138936513,PO Box 14896,Shawnee Mission,Kansas,66225,2001-07-30,Male
1106,Vincent,Greensmith,vgreensmith2x@marketwatch.com,4045118268,PO Box 99122,Atlanta,Georgia,30375,2005-09-24,Male
1107,Shanta,Vedenisov,svedenisov2y@nsw.gov.au,9182851476,Suite 36,Tulsa,Oklahoma,74141,2003-06-21,Female
1108,Lucius,Pinnion,lpinnion2z@nbcnews.com,2038512030,Apt 1015,Bridgeport,Connecticut,06673,1995-07-20,Male
1109,Ker,Bamb,kbamb30@un.org,2298491494,Room 495,Valdosta,Georgia,31605,1999-06-15,Male
1110,Quent,Lempertz,qlempertz31@netscape.com,7048394180,16th Floor,Charlotte,North Carolina,28220,2005-08-19,Male
1111,Ignatius,Senior,isenior32@utexas.edu,2088604831,PO Box 74481,Boise,Idaho,83705,1995-07-16,Male
1112,Ulises,McGuirk,umcguirk33@chicagotribune.com,2512257475,PO Box 38027,Mobile,Alabama,36605,2004-03-31,Male
1113,Nathanil,Yellowlees,nyellowlees34@t-online.de,8598900546,,Lexington,Kentucky,40546,1993-04-04,Male
1114,Iosep,Pierton,ipierton35@google.co.jp,2171612275,PO Box 44184,Champaign,Illinois,61825,1993-07-14,Male
1115,Berny,Sheridan,bsheridan36@yahoo.co.jp,7579117020,Suite 26,Norfolk,Virginia,23514,1994-06-21,Female
1116,Nikki,Barfford,nbarfford37@usnews.com,2407882089,15th Floor,Silver Spring,Maryland,20910,2001-05-23,Female
1117,Jacenta,Craighead,jcraighead38@washingtonpost.com,6125946970,Apt 559,Minneapolis,Minnesota,55487,2003-11-15,Female
1118,Tildy,Jedras,tjedras39@ucoz.com,,3rd Floor,Loretto,Minnesota,55598,2002-05-13,Female
1119,Gaelan,MacCaughey,gmaccaughey3a@dyndns.org,3176202019,Suite 24,Indianapolis,Indiana,46231,2001-11-27,Male
1120,Catina,Cestard,ccestard3b@toplist.cz,2122124550,PO Box 63146,Jamaica,New York,11499,1996-03-20,Female
1121,Ysabel,Waitland,ywaitland3c@mapy.cz,9193038746,Room 115,Raleigh,North Carolina,27605,2004-12-17,Female
1122,Powell,Hullbrook,phullbrook3d@jimdo.com,9191439393,Room 1065,Raleigh,North Carolina,27635,2004-08-30,Male
1123,Clarance,Matson,cmatson3e@businessweek.com,7631585461,Room 827,Minneapolis,Minnesota,55428,2004-02-23,Male
1124,Dyanne,McAllen,dmcallen3f@friendfeed.com,5168447538,,Hicksville,New York,11854,2004-05-23,Female
1125,Alanna,Calderon,acalderon3g@clickbank.net,7131986855,Suite 21,Houston,Texas,77010,1992-02-17,Female
1126,Angelika,Treneman,atreneman3h@hibu.com,3123250,Room 1745,Pittsburgh,Pennsylvania,15266,2005-05-02,Female
1127,Towney,Orrock,torrock3i@yale.edu,7027211703,13th Floor,,Nevada,89125,1992-06-19,Male
1128,Chilton,D'Aubney,cdaubney3j@weather.com,7137919517,Apt 15,Houston,Texas,77035,1999-06-29,Male
1129,Jorie,Schowenburg,jschowenburg3k@ucoz.ru,2812033405,Suite 48,Houston,Texas,77293,1996-12-02,Female
1130,Bogey,Splevins,bsplevins3l@github.com,2407306588,Room 1928,Hagerstown,Maryland,21747,1993-12-25,Male
1131,Giffard,Godley,ggodley3m@wix.com,8106473494,PO Box 77726,Flint,Michigan,48555,1994-02-03,Male
1132,Horten,Currier,hcurrier3n@mit.edu,8302064720,Room 65,San Antonio,Texas,78255,1997-01-05,Male
1133,Miof mela,Hirtzmann,mhirtzmann3o@mlb.com,9549145362,10th Floor,Fort Lauderdale,Florida,33330,2001-04-29,Female
1134,Walton,Minty,wminty3p@goo.gl,3142083165,9th Floor,Saint Louis,Missouri,63104,1999-05-05,Male
1135,Roda,Dunster,rdunster3q@plala.or.jp,2058460976,PO Box 82267,Tuscaloosa,Alabama,35487,2002-05-28,Female
1136,Katerina,English,kenglish3r@wikimedia.org,7164516629,Apt 1180,Buffalo,New York,14225,2004-04-30,Female
1137,Wait,Tungate,wtungate3s@nbcnews.com,2251458179,PO Box 37295,Baton Rouge,Louisiana,70883,2001-06-16,Male
1138,Armstrong,Wheway,awheway3t@twitpic.com,4109074014,Apt 1992,Baltimore,Maryland,21290,2001-07-31,Male
1139,Bronson,Divill,bdivill3u@latimes.com,5734950048,10th Floor,Jefferson City,Missouri,65105,1993-08-20,Male
1140,Nikolai,Bottelstone,nbottelstone3v@usda.gov,8174779403,PO Box 71347,Fort Worth,Texas,76147,2002-02-19,Male
1141,Ronnie,Allbut,rallbut3w@w3.org,3175013850,Apt 1746,Indianapolis,Indiana,46231,2001-01-31,Male
1142,Odell,,obelison3x@github.com,4059506413,,Oklahoma City,Oklahoma,73157,1992-03-13,Male
1143,Gaspar,Dickman,gdickman3y@acquirethisname.com,4063925500,Suite 78,Bozeman,Montana,59771,1996-01-08,Male
1144,Melli,Stedman,mstedman3z@bing.com,2255782311,Suite 17,Baton Rouge,Louisiana,70810,2004-04-16,Female
1145,Ashbey,Lestor,alestor40@qq.com,9013925879,15th Floor,Memphis,Tennessee,38119,1997-05-28,Male
1146,Luise,Rhead,lrhead41@xinhuanet.com,6468465637,PO Box 70375,New York City,New York,10175,2003-10-26,Female
1147,Allys,,acharlwood42@feedburner.com,3044182138,Room 396,Morgantown,West Virginia,26505,2000-07-21,Female
1148,Samuele,Beavors,sbeavors43@myspace.com,8436897405,Room 408,Myrtle Beach,South Carolina,29579,1997-10-11,Male
1149,Otho,Clifford,oclifford44@behance.net,3163838693,PO Box 46309,Wichita,Kansas,67230,2001-10-03,Male
1150,Bruis,Laible,blaible45@nih.gov,7025358093,Room 84,Henderson,Nevada,89074,2005-08-09,Male
1151,Catarina,Donoher,cdonoher46@senate.gov,7653627652,Apt 797,Crawfordsville,Indiana,47937,1995-09-20,Female
1152,Archibald,Blunn,ablunn47@elpais.com,5088863582,Room 570,Worcester,Massachusetts,01610,1992-08-25,Male
1153,Maure,Accum,maccum48@parallels.com,9075527861,PO Box 88612,Anchorage,Alaska,99517,2001-07-22,Female
1154,Ardisj,Willbraham,awillbraham49@arizona.edu,3251377928,9th Floor,Abilene,Texas,79605,2001-06-12,Female
1155,Norbie,Itzhayek,nitzhayek4a@eventbrite.com,9108889870,2nd Floor,Fayetteville,North Carolina,28305,1996-03-05,Male
1156,Dotti,Alyutin,dalyutin4b@vk.com,9542372457,,Pompano Beach,Florida,33069,1992-03-25,Female
1157,Daniella,Ingree,dingree4c@dmoz.org,7752131822,Suite 84,Reno,Nevada,89505,2000-04-12,Female
1158,Noella,Clawley,nclawley4d@goo.ne.jp,2099439995,Suite 49,Fresno,California,93721,2005-08-03,Female
1159,Woodrow,Pothecary,wpothecary4e@creativecommons.org,3046360246,16th Floor,Charleston,West Virginia,25305,2000-08-20,Male
1160,Sayer,Pierrepoint,spierrepoint4f@instagram.com,2313734574,PO Box 23128,Muskegon,Michigan,49444,1994-11-15,Male
1161,Dall,Ghidoli,dghidoli4g@last.fm,9168071329,Suite 79,Sacramento,California,94237,1992-01-10,Male
1162,Nonah,Aplin,naplin4h@webmd.com,5205543400,PO Box 69664,Tucson,Arizona,85732,1998-01-10,Female
1163,Stern,Rentilll,srentilll4i@csmonitor.com,8168104477,Room 1211,Kansas City,Missouri,64199,,Male
1164,Lodovico,Flanne,lflanne4j@stumbleupon.com,6178923002,12th Floor,Newton,Massachusetts,02458,2004-08-06,Male
1165,Ingra,Sandell,isandell4k@dropbox.com,4045966687,Apt 1239,Atlanta,Georgia,31106,1995-11-16,Male
1166,Lindi,Morrad,lmorrad4l@yellowpages.com,5127372818,12th Floor,Austin,Texas,78754,1995-11-16,Female
1167,Nikolia,Pardi,npardi4m@samsung.com,8599792471,Suite 53,Lexington,Kentucky,40596,2003-04-10,Female
1168,Antonietta,Touson,atouson4n@guardian.co.uk,6197080498,PO Box 74394,San Diego,California,92121,1994-03-26,Female
1169,Jaye,Parish,jparish4o@newyorker.com,3153059672,,Syracuse,New York,13210,1998-12-23,Male
1170,Batholomew,Hoonahan,bhoonahan4p@addtoany.com,7346238129,20th Floor,Detroit,Michigan,48242,2004-11-22,Male
1171,Benson,Demke,bdemke4q@time.com,8436796852,PO Box 19838,,South Carolina,29579,2003-02-02,Male
1172,Conny,,cdrewe4r@hao123.com,9371998080,PO Box 98961,Dayton,Ohio,45432,1993-10-11,Male
1173,Ameline,Halwood,ahalwood4s@goo.ne.jp,8132839465,Apt 256,Tampa,Florida,33686,2001-06-18,Female
1174,Allyce,Litchfield,alitchfield4t@hc360.com,2011813913,Room 213,Jersey City,New Jersey,07305,2005-03-08,Female
1175,Wadsworth,Gilks,wgilks4u@apple.com,7196322411,Room 381,Colorado Springs,Colorado,80930,1993-07-08,Male
1176,Sascha,Smoth,ssmoth4v@slideshare.net,5136841341,Suite 53,Cincinnati,Ohio,45296,2000-01-15,Male
1177,Bil,Everington,beverington4w@google.ca,6091794993,11th Floor,Trenton,New Jersey,08608,2000-07-22,Male
1178,Maegan,Danielou,mdanielou4x@domainmarket.com,3197152377,Suite 77,Iowa City,Iowa,52245,1994-01-06,Female
1179,Roy,McNirlan,rmcnirlan4y@sina.com.cn,2054960947,PO Box 49794,Birmingham,Alabama,35263,1996-11-27,Male
1180,Jacky,Nurdin,jnurdin4z@bloglines.com,7028436968,PO Box 57906,Las Vegas,Nevada,89105,2001-09-04,Male
1181,Astrid,Parkes,aparkes50@flavors.me,8185449751,Apt 204,Northridge,California,91328,1998-03-09,Female
1182,Nicolai,Eat,neat51@phoca.cz,7036425738,Room 1437,Reston,Virginia,20195,2000-07-07,Male
1183,Adriana,Broadley,abroadley52@mozilla.com,8062269259,Room 809,Lubbock,Texas,79452,1999-09-29,Female
1184,Phelia,McClements,pmcclements53@cdbaby.com,2601005875,Room 1861,Fort Wayne,Indiana,46867,2003-07-18,Female
1185,Alfonso,Corradini,acorradini54@elpais.com,8014379535,12th Floor,Salt Lake City,Utah,84152,1994-09-25,Male
1186,Bev,,baaronsohn55@nifty.com,7864663069,PO Box 85072,Miami,Florida,33111,2005-02-01,Male
1187,Eolande,Haryngton,eharyngton56@time.com,3029283551,Suite 100,Wilmington,Delaware,19810,2005-09-10,Female
1188,Carny,Tanman,ctanman57@google.co.uk,5033158556,Apt 788,Portland,Oregon,97286,1994-03-05,Male
1189,Lauri,Anchor,lanchor58@senate.gov,2812917257,3rd Floor,Houston,Texas,77070,1997-02-06,Female
1190,Marlena,Lambirth,mlambirth59@dedecms.com,8311591636,13th Floor,Santa Cruz,California,95064,2000-02-03,Female
1191,Kimberley,Deek,kdeek5a@miitbeian.gov.cn,8649520692,Room 929,Spartanburg,South Carolina,29305,1995-09-27,Female
1192,Marianna,Bogue,mbogue5b@fotki.com,7064768149,Room 1385,,Georgia,30911,2005-06-09,Female
1193,Megan,Broseman,mbroseman5c@cloudflare.com,,Suite 86,,Washington,98687,1996-05-20,Female
1194,Hildegaard,Kun,hkun5d@purevolume.com,2056010596,6th Floor,Birmingham,Alabama,35254,1996-08-13,Female
1195,Yance,Bartomieu,ybartomieu5e@exblog.jp,5718644416,Suite 31,Arlington,Virginia,22205,1999-11-16,Male
1196,Corbett,Leere,cleere5f@drupal.org,2028207558,Apt 1927,Washington,District of Columbia,56944,1999-09-15,Male
1197,Stavro,Tomaino,stomaino5g@reuters.com,8638909666,Apt 1555,Lakeland,Florida,33805,1999-05-18,Male
1198,Ilene,Creber,icreber5h@arizona.edu,8038929676,PO Box 82393,Columbia,South Carolina,29225,1995-07-04,Female
1199,Valle,Fronzek,vfronzek5i@over-blog.com,6265424687,PO Box 9728,,California,91505,2000-11-16,Male
1200,Ingeberg,Ivanyushkin,iivanyushkin5j@issuu.com,2065635591,Apt 550,Seattle,Washington,98175,2004-08-25,Female
1201,Franklyn,Beamand,fbeamand5k@ihg.com,9042731187,Apt 697,Jacksonville,Florida,32255,1993-05-29,Male
1202,Fletcher,Quinet,fquinet5l@de.vu,5135266306,Room 1785,Cincinnati,Ohio,45249,2004-01-01,Male
1203,Panchito,Bodechon,pbodechon5m@independent.co.uk,8501973804,9th Floor,Pensacola,Florida,32520,2005-03-30,Male
1204,Dave,Atcherley,datcherley5n@webnode.com,3105682135,17th Floor,Torrance,California,90505,2005-02-21,Male
1205,Raoul,Minto,rminto5o@samsung.com,4058514436,PO Box 67764,Oklahoma City,Oklahoma,73142,2004-08-20,Male
1206,Pavla,Doding,pdoding5p@wunderground.com,5028852200,PO Box 5762,Louisville,Kentucky,40298,1995-09-03,Female
1207,Kit,,kmatfield5q@reverbnation.com,9156415202,Suite 9,El Paso,Texas,79945,1994-04-16,Female
1208,Art,Cowdray,acowdray5r@furl.net,9075989580,PO Box 56942,Anchorage,Alaska,99599,2000-07-24,Male
1209,Izak,Waything,iwaything5s@bloglines.com,6361110918,Room 1406,Saint Louis,Missouri,63131,1996-08-30,Male
1210,Nerti,Dumingos,ndumingos5t@dell.com,5185502535,,Albany,New York,12210,2000-09-20,Female
1211,Lenora,Binden,lbinden5u@google.nl,2145021180,10th Floor,Arlington,Texas,76011,1996-04-25,Female
1212,Bernie,,bantoinet5v@bloomberg.com,9123413348,,Savannah,Georgia,31410,1999-08-09,Male
1213,Nickolai,Tribbeck,ntribbeck5w@nhs.uk,9417429079,PO Box 39628,Port Charlotte,Florida,33954,2005-10-02,Male
1214,Monti,Scheffler,mscheffler5x@over-blog.com,9153460355,Room 441,El Paso,Texas,79945,1992-07-07,Male
1215,Randa,Glentz,rglentz5y@house.gov,4133800801,12th Floor,Springfield,Massachusetts,01152,,Female
1216,Lizette,Wellstead,lwellstead5z@kickstarter.com,7575470147,Suite 40,Suffolk,Virginia,23436,1996-05-12,Female
1217,Wilow,Mournian,wmournian60@rambler.ru,6124525915,Suite 94,Minneapolis,Minnesota,55423,1993-01-20,Female
1218,Kore,Cattenach,kcattenach61@nih.gov,8016565575,PO Box 48478,Salt Lake City,Utah,84105,1993-06-02,Female
1219,Julienne,Fairholme,jfairholme62@deliciousdays.com,,Suite 50,Sacramento,California,94237,1998-09-02,Female
1220,Giorgio,Kuhnhardt,gkuhnhardt63@sun.com,7177589919,PO Box 91553,Lancaster,Pennsylvania,17605,1997-05-12,Male
1221,Jeffy,Jackson,jjackson64@nsw.gov.au,7207890199,PO Box 4290,Denver,Colorado,80241,2001-04-21,Male
1222,Raeann,Cadagan,rcadagan65@webs.com,2024250446,Suite 20,Washington,District of Columbia,20036,1994-03-04,Female
1223,Blakelee,,btott66@blogspot.com,2175962854,Suite 3,Springfield,Illinois,62776,1999-12-13,Female
1224,Marcellina,Moorcroft,mmoorcroft67@yolasite.com,2153525889,Apt 990,Philadelphia,Pennsylvania,19191,1993-08-31,Female
1225,Ulysses,,urolingson68@digg.com,3178613676,Room 584,Indianapolis,Indiana,46247,1993-05-26,Male
1226,Jack,Broun,jbroun69@time.com,9721378293,PO Box 61830,Dallas,Texas,75241,1992-10-18,Male
1227,Deidre,,doswell6a@japanpost.jp,3035103575,PO Box 51080,Aurora,Colorado,80044,2003-06-12,Female
1228,Paule,Osbaldstone,posbaldstone6b@parallels.com,3376133792,Apt 1800,Lake Charles,Louisiana,70607,1993-05-04,Female
1229,Andreas,,amephan6c@squidoo.com,7862860797,Room 1378,Miami,Florida,33134,2003-12-05,Male
1230,Denni,Clears,dclears6d@smh.com.au,6014778183,,Jackson,Mississippi,39296,1995-04-15,Female
1231,Gerri,Tunno,gtunno6e@ehow.com,9378038325,PO Box 42580,Dayton,Ohio,45440,2004-04-19,Male
1232,Glyn,Redmell,gredmell6f@goo.ne.jp,2405911831,Apt 468,Silver Spring,Maryland,20918,1993-03-16,Female
1233,Nydia,Hadley,nhadley6g@rambler.ru,8176606282,PO Box 34921,Irving,Texas,75062,1997-03-24,Female
1234,Hamilton,Tilne,htilne6h@wiley.com,7204656201,Apt 658,Boulder,Colorado,80305,2002-03-16,Male
1235,Janot,Aynold,jaynold6i@nyu.edu,7023340048,Room 1909,North Las Vegas,Nevada,89036,1994-06-07,Female
1236,Gerome,Flewett,gflewett6j@sciencedaily.com,5037232239,Apt 251,Salem,Oregon,97306,2000-06-11,Male
1237,Phyllys,Spender,pspender6k@livejournal.com,4257260650,Suite 18,Seattle,Washington,98121,2004-02-12,Female
1238,Marlyn,Thornally,mthornally6l@ebay.co.uk,4238102780,PO Box 14695,Chattanooga,Tennessee,37410,2000-11-13,Female
1239,Neile,Mallatratt,nmallatratt6m@so-net.ne.jp,9543719809,PO Box 48546,Fort Lauderdale,Florida,33315,1996-05-08,Female
1240,Findlay,Dagwell,fdagwell6n@imageshack.us,2606814481,Apt 1676,Fort Wayne,Indiana,46867,2003-02-16,Male
1241,Petronille,Warrilow,pwarrilow6o@acquirethisname.com,8187555158,Room 1937,Glendale,California,91210,1995-05-25,Female
1242,Lurette,,lpigott6p@wisc.edu,9011814630,,Memphis,Tennessee,38188,2003-09-27,Female
1243,Gigi,Leonards,gleonards6q@netscape.com,8081812381,Suite 84,Honolulu,Hawaii,96840,2000-10-05,Female
1244,Regine,Corradetti,rcorradetti6r@imageshack.us,8142662353,PO Box 40964,Erie,Pennsylvania,16534,1994-06-23,Female
1245,Ambros,Greggs,agreggs6s@pagesperso-orange.fr,2023526774,20th Floor,Washington,District of Columbia,20409,2002-05-24,Male
1246,Alika,Finlayson,afinlayson6t@thetimes.co.uk,7859954653,Room 1258,Topeka,Kansas,66699,2003-10-22,Female
1247,Salvatore,Leitche,sleitche6u@feedburner.com,4434547237,Room 133,Baltimore,Maryland,21203,1998-03-30,Male
1248,Rosalie,Maber,rmaber6v@pen.io,8475874891,Apt 729,Palatine,Illinois,60078,2004-10-01,Female
1249,Everard,Coates,ecoates6w@multiply.com,7139443382,Suite 53,Houston,Texas,77030,1993-12-08,Male
1250,Marja,,melkins6x@smugmug.com,5207879325,14th Floor,Tucson,Arizona,85725,1994-10-24,Female
1251,Yolanthe,Steynor,ysteynor6y@microsoft.com,9549149567,Suite 100,Fort Lauderdale,Florida,33330,2003-10-24,Female
1252,Hedi,Navarijo,hnavarijo6z@prnewswire.com,2134880322,10th Floor,Los Angeles,California,90101,2003-10-12,Female
1253,Camey,Andrich,candrich70@cisco.com,2082114967,2nd Floor,Boise,Idaho,83716,2005-02-13,Male
1254,Regan,,rpealing71@sciencedaily.com,6618800161,18th Floor,Palmdale,California,93591,1997-04-21,Male
1255,Wolfie,Johanssen,wjohanssen72@jugem.jp,4148773600,PO Box 85455,Milwaukee,Wisconsin,53285,2000-02-25,Male
1256,Aidan,Tower,atower73@tiny.cc,4028786637,,Lincoln,Nebraska,68510,2000-11-27,Female
1257,Shermy,Winteringham,swinteringham74@pagesperso-orange.fr,9201327116,Apt 1568,Green Bay,Wisconsin,54313,1995-03-09,Male
1258,Jordana,Di Ruggero,jdiruggero75@wordpress.com,2029094632,PO Box 99568,Washington,District of Columbia,20503,1993-08-30,Female
1259,Josi,Coombes,jcoombes76@yellowpages.com,5124733601,PO Box 40041,Austin,Texas,78764,1996-08-23,Female
1260,Edgardo,Red,ered77@howstuffworks.com,2148024622,PO Box 80289,Dallas,Texas,75231,2002-03-29,Male
1261,Sorcha,Salla,ssalla78@de.vu,6172651565,4th Floor,Cambridge,Massachusetts,02142,1995-12-05,Female
1262,Rosalind,Van Arsdall,rvanarsdall79@amazon.co.uk,,Room 631,Wichita,Kansas,67230,1992-05-14,Female
1263,Charissa,,cjedrys7a@ihg.com,3367670960,Suite 64,High Point,North Carolina,27264,1992-11-22,Female
1264,Mic,Cogdon,mcogdon7b@house.gov,7703723728,PO Box 71733,Lawrenceville,Georgia,30045,1994-12-18,Male
1265,Celestyna,Riddock,criddock7c@salon.com,4127080410,Apt 1122,Mc Keesport,Pennsylvania,15134,1994-11-14,Female
1266,Aluin,Berrick,aberrick7d@samsung.com,6157134672,Room 664,Nashville,Tennessee,37235,1996-10-17,Male
1267,Alex,Barhems,abarhems7e@ow.ly,3199032385,2nd Floor,Cedar Rapids,Iowa,52410,2004-12-20,Female
1268,Winnie,,wkennewell7f@walmart.com,7758654979,Suite 81,Carson City,Nevada,89706,2001-02-22,Male
1269,Guenevere,Goadby,ggoadby7g@princeton.edu,2148001188,PO Box 24674,Dallas,Texas,75277,1993-11-30,Female
1270,Fritz,Sills,fsills7h@ustream.tv,8129627967,Apt 365,Bloomington,Indiana,47405,2001-03-03,Male
1271,Dame,McCarney,dmccarney7i@taobao.com,7277755540,2nd Floor,Clearwater,Florida,34615,1996-02-17,Male
1272,Dalston,Wisdom,dwisdom7j@ebay.co.uk,9413922508,Suite 94,Sarasota,Florida,34238,1997-04-04,Male
1273,Virgie,Dinning,vdinning7k@techcrunch.com,2402729270,20th Floor,Frederick,Maryland,21705,1995-12-14,Male
1274,Odelinda,Dibley,odibley7l@engadget.com,9137134159,Suite 81,Shawnee Mission,Kansas,66276,1996-10-20,Female
1275,Annemarie,Britch,abritch7m@discovery.com,6191201893,Room 701,San Diego,California,92176,1995-07-23,Female
1276,Keith,O'Rowane,korowane7n@google.nl,4156573950,PO Box 63057,San Francisco,California,94169,2001-03-05,Male
1277,Andrey,Charlick,acharlick7o@shop-pro.jp,3043272477,Apt 418,Huntington,West Virginia,25716,2002-12-24,Male
1278,Abbot,Helm,ahelm7p@phoca.cz,6028352438,Suite 39,Phoenix,Arizona,85025,1998-04-27,Male
1279,Maryjane,Maurice,mmaurice7q@ifeng.com,3236574354,1st Floor,Los Angeles,California,90060,2001-12-28,Female
1280,Gabe,Van Salzberger,gvansalzberger7r@europa.eu,2092048692,5th Floor,Stockton,California,95219,1997-03-02,Male
1281,Demetrius,Vedekhin,dvedekhin7s@canalblog.com,9418186313,Room 1661,Bradenton,Florida,34205,2002-12-15,Male
1282,Cissiee,O'Gormally,cogormally7t@discovery.com,4694120050,Room 936,Dallas,Texas,75231,1992-07-08,Female
1283,Julianna,MacVean,jmacvean7u@thetimes.co.uk,7148792784,Apt 1431,San Jose,California,95128,1999-03-16,Female
1284,Elie,Bracher,ebracher7v@ucla.edu,2125380706,Apt 593,New York City,New York,10090,1999-10-08,Female
1285,Davin,Pharrow,dpharrow7w@comsenz.com,7029170416,Apt 133,Las Vegas,Nevada,89130,1996-01-15,Male
1286,Ragnar,Naisbet,rnaisbet7x@illinois.edu,2053260016,10th Floor,Birmingham,Alabama,35225,1996-12-14,Male
1287,Tudor,Liverseege,tliverseege7y@hatena.ne.jp,6159879222,Apt 1535,Murfreesboro,Tennessee,37131,2002-06-21,Male
1288,Pasquale,Avison,pavison7z@google.ca,2177882350,Room 295,Springfield,Illinois,62705,1992-12-31,Male
1289,Paul,McNiven,pmcniven80@sfgate.com,2176904644,Room 1947,Springfield,Illinois,62794,2005-03-11,Male
1290,Hazlett,Blencowe,hblencowe81@cafepress.com,3143837051,Suite 23,Saint Louis,Missouri,63116,1998-09-07,Male
1291,Lombard,Orcas,lorcas82@dmoz.org,5018788679,Apt 1508,Little Rock,Arkansas,72231,2004-04-29,Male
1292,Cindie,Rosoni,crosoni83@economist.com,5706641934,Suite 93,Scranton,Pennsylvania,18505,1998-09-30,Female
1293,Gabby,Suett,gsuett84@businesswire.com,9101835341,Suite 73,Fayetteville,North Carolina,28314,1996-08-08,Male
1294,Dre,Fausch,dfausch85@twitpic.com,6194938891,3rd Floor,San Diego,California,92153,1995-01-17,Female
1295,Calli,Morrilly,cmorrilly86@deliciousdays.com,5042408912,Suite 69,New Orleans,Louisiana,70116,1994-03-16,Female
1296,Clemmy,Edgworth,cedgworth87@t-online.de,4021567965,,Lincoln,Nebraska,68505,1998-08-05,Male
1297,Kendal,Hefforde,khefforde88@mapy.cz,5593208972,PO Box 10955,Fresno,California,93709,1992-02-24,Male
1298,Nickolai,MacTeague,nmacteague89@weibo.com,6625111988,18th Floor,Columbus,Mississippi,39705,2004-10-31,Male
1299,Orsa,Pieracci,opieracci8a@ucla.edu,7659298252,Suite 54,Crawfordsville,Indiana,47937,2001-07-29,Female
1300,Nikos,Camamile,ncamamile8b@cocolog-nifty.com,8439725742,PO Box 70888,Myrtle Beach,South Carolina,29579,2005-09-20,Male
1301,Vasili,Duffill,vduffill8c@pagesperso-orange.fr,3135925408,Suite 35,Detroit,Michigan,48267,2000-11-26,Male
1302,Garvey,Ramm,gramm8d@ask.com,7631463934,Apt 1929,Maple Plain,Minnesota,55572,1992-03-24,Male
1303,Jo-ann,Byrde,jbyrde8e@vinaora.com,,Room 509,Shawnee Mission,Kansas,66210,2002-11-23,Female
1304,Rhodia,Tully,rtully8f@ow.ly,5052574842,Apt 52,Albuquerque,New Mexico,87105,2003-09-28,Female
1305,Stanleigh,Burkert,sburkert8g@tuttocitta.it,8056804397,Suite 48,Oxnard,California,93034,1995-01-17,Male
1306,Logan,Golborne,lgolborne8h@imdb.com,2817616162,,Katy,Texas,77493,1993-02-18,Male
1307,Aland,Shilvock,ashilvock8i@imdb.com,8168043046,Apt 802,Kansas City,Missouri,64125,1995-01-11,Male
1308,Nadean,,ncluse8j@fotki.com,7068550693,9th Floor,Cumming,Georgia,30130,2000-03-17,Female
1309,Fae,Burdell,fburdell8k@blogs.com,2294522679,Suite 85,Valdosta,Georgia,31605,1996-11-04,Female
1310,Krissie,Whiffin,kwhiffin8l@europa.eu,2134331929,Suite 25,Los Angeles,California,90189,2000-10-26,Female
1311,Ada,Piletic,apiletic8m@blogger.com,9167989548,11th Floor,Sacramento,California,95823,1999-02-10,Female
1312,Cale,Stelljes,cstelljes8n@goodreads.com,,Apt 1882,Bradenton,Florida,34210,1994-03-06,Male
1313,Kirk,Burley,kburley8o@bizjournals.com,5599198056,4th Floor,Fresno,California,93778,2000-09-18,Male
1314,Issy,Lyon,ilyon8p@youtu.be,6174479789,PO Box 65459,Waltham,Massachusetts,02453,1998-05-29,Female
1315,Hughie,Heeney,hheeney8q@free.fr,9159037217,Suite 84,El Paso,Texas,88535,2003-04-03,Male
1316,Talyah,McEniry,tmceniry8r@dailymail.co.uk,8607432156,14th Floor,Hartford,Connecticut,06183,2002-12-03,Female
1317,Allin,Brough,abrough8s@wired.com,5139640900,Suite 20,Cincinnati,Ohio,45218,1999-08-02,Male
1318,Norbert,Hellikes,nhellikes8t@yolasite.com,7045634097,Suite 73,Charlotte,North Carolina,28242,1994-10-01,Male
1319,Morley,Featherstone,mfeatherstone8u@jigsy.com,4074838959,Room 400,Orlando,Florida,32891,1996-06-05,Male
1320,Roana,Duchasteau,rduchasteau8v@4shared.com,3124612922,PO Box 70569,Chicago,Illinois,60614,2001-05-17,Female
1321,Gerti,Pulver,gpulver8w@jiathis.com,,Apt 493,Houston,Texas,77299,2001-03-02,Female
1322,Mitchel,Hemmingway,mhemmingway8x@youtube.com,6518236192,Suite 60,Saint Paul,Minnesota,55146,1999-12-02,Male
1323,Dix,,dbellin8y@pen.io,5153132896,Apt 680,Des Moines,Iowa,50310,2001-05-10,Female
1324,Tracey,Cramb,tcramb8z@fastcompany.com,7541750963,Room 1811,Fort Lauderdale,Florida,33345,2001-07-03,Female
1325,Gustavo,Shayler,gshayler90@npr.org,3035168410,1st Floor,Denver,Colorado,80217,2000-08-06,Male
1326,Humbert,Henrichsen,hhenrichsen91@wired.com,8123592196,5th Floor,Evansville,Indiana,47747,1998-07-21,Male
1327,Shaine,Lailey,slailey92@biglobe.ne.jp,6035996809,1st Floor,Manchester,New Hampshire,03105,1999-03-24,Female
1328,Florie,O'Riordan,foriordan93@exblog.jp,8457819228,,White Plains,New York,10633,2000-02-01,Female
1329,Llywellyn,Kinsett,lkinsett94@yolasite.com,3252243554,PO Box 30584,Abilene,Texas,79699,2004-09-01,Male
1330,Karina,Blaszczynski,kblaszczynski95@hatena.ne.jp,5175779489,Suite 72,Lansing,Michigan,48912,1996-07-17,Female
1331,Elmira,Oyley,eoyley96@weebly.com,7137555474,Room 832,Houston,Texas,77234,2005-08-30,Female
1332,Der,Rowlands,drowlands97@geocities.com,2028981259,,Washington,District of Columbia,20046,1993-05-26,Male
1333,Barrett,Simmill,bsimmill98@blogtalkradio.com,3131870190,PO Box 81087,Detroit,Michigan,48295,1996-07-25,Male
1334,Reilly,,rmathieson99@themeforest.net,3146911518,Apt 1084,Saint Louis,Missouri,63104,1992-03-27,Male
1335,Marven,Kitchinghan,mkitchinghan9a@indiegogo.com,7186860483,Room 1586,Brooklyn,New York,11225,1996-08-17,Male
1336,Gareth,Kinnar,gkinnar9b@epa.gov,2167944124,20th Floor,Cleveland,Ohio,44105,1994-08-14,Male
1337,Pamelina,Elbourne,pelbourne9c@facebook.com,6088394546,PO Box 68960,Madison,Wisconsin,53710,,Female
1338,Analise,Gilhouley,agilhouley9d@vistaprint.com,8128878400,10th Floor,Evansville,Indiana,47737,2004-10-14,Female
1339,Freddie,Bezley,fbezley9e@webs.com,2035490295,PO Box 28562,Waterbury,Connecticut,06726,1993-04-22,Male
1340,Ado,Challin,achallin9f@github.com,3093140157,Apt 729,,Illinois,61709,2005-01-24,Male
1341,Darnell,Wathen,dwathen9g@ow.ly,5186163282,Suite 96,,New York,12227,2003-04-01,Male
1342,Gerek,Pillington,gpillington9h@cbslocal.com,9792849095,Room 1681,Bryan,Texas,77806,2002-03-04,Male
1343,Carolus,Antoniat,cantoniat9i@dot.gov,3132988306,Room 821,Detroit,Michigan,48232,2002-05-22,Male
1344,Hersh,Justham,hjustham9j@dmoz.org,9722833854,Apt 1271,Irving,Texas,75062,1992-09-15,Male
1345,Daniella,Domesday,ddomesday9k@census.gov,5598837777,PO Box 19552,Fresno,California,93721,2001-10-21,Female
1346,Irwinn,Vannozzii,ivannozzii9l@pagesperso-orange.fr,9105508069,PO Box 487,Greensboro,North Carolina,27455,2001-11-19,Male
1347,Isidoro,Kelemen,ikelemen9m@aol.com,4235078728,Room 611,Chattanooga,Tennessee,37416,2005-04-01,Male
1348,Charline,Beggi,cbeggi9n@istockphoto.com,9134122273,Suite 26,Kansas City,Kansas,66160,1993-08-27,Female
1349,Noellyn,Cayet,ncayet9o@hubpages.com,4128928247,PO Box 77391,Pittsburgh,Pennsylvania,15220,1996-04-17,Female
1350,Netti,Rolland,nrolland9p@pinterest.com,4125673439,Suite 94,Pittsburgh,Pennsylvania,15274,2000-05-14,Female
1351,Bard,Kibbel,bkibbel9q@un.org,7602321223,Suite 84,Escondido,California,92030,,Male
1352,Brandice,Lait,blait9r@gnu.org,4073414136,Room 1885,Orlando,Florida,32825,1995-05-23,Female
1353,Christoper,Summerton,csummerton9s@imdb.com,7279572824,PO Box 82253,Clearwater,Florida,33763,1998-02-23,Male
1354,Debi,,dfey9t@bloomberg.com,6513137369,5th Floor,Saint Paul,Minnesota,55127,2005-05-09,Female
1355,Blondie,Walak,bwalak9u@amazon.com,8047025653,PO Box 91531,Richmond,Virginia,23289,1998-05-06,Female
1356,Dav,Glendinning,dglendinning9v@cornell.edu,5016334249,Apt 303,Little Rock,Arkansas,72209,1994-12-25,Male
1357,Leone,Horsburgh,lhorsburgh9w@geocities.com,2022609382,Room 1719,Washington,District of Columbia,20067,1992-09-13,Female
1358,Woodman,,wjennings9x@is.gd,3348932800,Suite 77,Montgomery,Alabama,36109,,Male
1359,Veriee,Tie,vtie9y@prnewswire.com,2106107372,Apt 213,San Antonio,Texas,78250,1998-11-23,Female
1360,Pier,Wastell,pwastell9z@biblegateway.com,9072546985,PO Box 84387,Anchorage,Alaska,99517,2004-05-28,Female
1361,Hayley,Loveless,hlovelessa0@friendfeed.com,4193658699,PO Box 13554,Mansfield,Ohio,44905,,Female
1362,Griselda,Fritter,gfrittera1@amazon.de,3048490827,Suite 48,Charleston,West Virginia,25331,1999-08-07,Female
1363,Modestia,Roistone,mroistonea2@accuweather.com,3611103670,Apt 253,Corpus Christi,Texas,78465,2001-07-17,Female
1364,Miof mela,Battleson,mbattlesona3@alexa.com,7181712400,PO Box 1723,,New York,10305,2001-12-19,Female
1365,Briant,Gland,bglanda4@github.io,4055941718,8th Floor,Oklahoma City,Oklahoma,73173,2005-08-23,Male
1366,Angelia,Float,afloata5@godaddy.com,9156684126,PO Box 49405,El Paso,Texas,88563,1997-08-01,Female
1367,Quinn,Sprakes,qsprakesa6@vimeo.com,9159313504,16th Floor,,Texas,79940,1999-06-01,Male
1368,Larissa,Matiashvili,lmatiashvilia7@nhs.uk,2129212113,Suite 21,,New York,10105,,Female
1369,Vern,Saxton,vsaxtona8@51.la,9014761867,Room 708,Memphis,Tennessee,38181,2002-01-17,Male
1370,Giovanna,Jado,gjadoa9@sakura.ne.jp,9197221523,2nd Floor,Raleigh,North Carolina,27658,2001-09-06,Female
1371,Billy,Stebles,bsteblesaa@examiner.com,7026042738,PO Box 45113,Henderson,Nevada,89074,2004-10-23,Male
1372,Ive,Buxton,ibuxtonab@discuz.net,3309840658,,Youngstown,Ohio,44511,1996-06-02,Male
1373,Charo,Seczyk,cseczykac@delicious.com,2675783936,11th Floor,Philadelphia,Pennsylvania,19115,2000-04-10,Female
1374,Chicky,Hallen,challenad@aboutads.info,4323124108,10th Floor,Odessa,Texas,79769,2005-01-11,Male
1375,Freddy,Mounch,fmounchae@purevolume.com,2399894336,15th Floor,Naples,Florida,33963,1996-11-01,Male
1376,Caressa,Gornar,cgornaraf@hibu.com,6619374711,Apt 1873,Burbank,California,91520,1992-04-24,Female
1377,Madella,Whellans,mwhellansag@miitbeian.gov.cn,6127000622,Suite 4,Minneapolis,Minnesota,55458,2000-06-14,Female
1378,Carmine,Davys,cdavysah@cpanel.net,2252290372,Room 514,Baton Rouge,Louisiana,70836,1999-09-02,Male
1379,Paloma,Miquelet,pmiqueletai@nsw.gov.au,2025351517,16th Floor,Washington,District of Columbia,20046,2002-11-19,Female
1380,Ruggiero,Terrill,rterrillaj@usa.gov,4106790509,Suite 33,Ridgely,Maryland,21684,1995-04-29,Male
1381,Murray,Frie,mfrieak@yellowbook.com,3303736204,Apt 666,Akron,Ohio,44315,1997-12-12,Male
1382,Kamillah,Deehan,kdeehanal@ibm.com,6098871869,7th Floor,Trenton,New Jersey,08638,1998-01-08,Female
1383,Payton,Standrin,pstandrinam@boston.com,2514036561,Apt 344,Mobile,Alabama,36641,2003-08-12,Male
1384,See,Lace,slacean@bluehost.com,6469097538,16th Floor,New York City,New York,10009,1996-01-10,Male
1385,Giorgio,Du Hamel,gduhamelao@mashable.com,,PO Box 56340,Inglewood,California,90305,2000-10-31,Male
1386,Si,Gercke,sgerckeap@umich.edu,8168685196,Suite 16,,Missouri,64114,1997-03-28,Male
1387,Sheilakathryn,Keiling,skeilingaq@gizmodo.com,4347031122,Apt 72,Lynchburg,Virginia,24515,1999-07-25,Female
1388,Ki,Pynner,kpynnerar@amazon.co.uk,4085174643,18th Floor,San Jose,California,95194,1992-11-08,Female
1389,Harriett,Bayston,hbaystonas@theatlantic.com,3042897009,Room 1574,Huntington,West Virginia,25726,1993-11-05,Female
1390,Hedda,Rainey,hraineyat@uol.com.br,8501374428,PO Box 25055,Tallahassee,Florida,32309,2000-08-05,Female
1391,Kalinda,Tumelty,ktumeltyau@taobao.com,3127727563,PO Box 74451,Chicago,Illinois,60641,2000-09-18,Female
1392,Algernon,Waycott,awaycottav@blogspot.com,2132176742,Room 1629,Santa Ana,California,92705,1998-01-14,Male
1393,Karon,Coggell,kcoggellaw@netscape.com,8136563284,Room 786,Tampa,Florida,33673,2001-03-19,Female
1394,Malanie,Cowely,mcowelyax@engadget.com,6097838321,Suite 74,Trenton,New Jersey,08603,1998-10-30,Female
1395,Cookie,Thomazin,cthomazinay@typepad.com,8328180116,PO Box 4703,Houston,Texas,77060,1994-04-15,Female
1396,Merilee,Dantesia,mdantesiaaz@yellowbook.com,8603123651,Suite 62,Hartford,Connecticut,06140,2005-02-15,Female
1397,Vonny,Baddiley,vbaddileyb0@admin.ch,4343009085,PO Box 9827,Charlottesville,Virginia,22903,1999-03-11,Female
1398,Connie,Radnage,cradnageb1@webs.com,3342014160,Room 1994,,Alabama,36134,2004-01-31,Female
1399,Kacy,Reignolds,kreignoldsb2@wsj.com,6511218233,,Saint Paul,Minnesota,55188,2000-12-22,Female
1400,Lyndell,Seabourne,lseabourneb3@nature.com,9041312776,Room 1469,Jacksonville,Florida,32244,2003-05-01,Female
1401,Theodor,Ownsworth,townsworthb4@disqus.com,6058111497,16th Floor,Sioux Falls,South Dakota,57198,1995-09-02,Male
1402,Karina,Musson,kmussonb5@nih.gov,8313159363,PO Box 35973,Salinas,California,93907,1994-12-19,Female
1403,Baldwin,Full,bfullb6@chron.com,2146674364,Suite 91,Mesquite,Texas,75185,2000-03-25,Male
1404,Blake,Haythorn,bhaythornb7@jimdo.com,7131161379,9th Floor,Houston,Texas,77223,2001-12-25,Male
1405,Karylin,Downes,kdownesb8@amazon.de,4128996486,6th Floor,Pittsburgh,Pennsylvania,15274,1999-06-17,Female
1406,Tyrus,Antyshev,tantyshevb9@google.it,4047096451,Apt 1521,Atlanta,Georgia,30386,2004-10-27,Male
1407,Mac,Seemmonds,mseemmondsba@free.fr,9205234996,Apt 262,Green Bay,Wisconsin,54313,1997-03-30,Male
1408,Orelia,Heifer,oheiferbb@abc.net.au,8432627629,Apt 1317,Charleston,South Carolina,29416,2000-07-24,Female
1409,Anne,MacConchie,amacconchiebc@umich.edu,5208423600,PO Box 26170,Tucson,Arizona,85720,1997-08-12,Female
1410,Robinia,Buttrick,rbuttrickbd@w3.org,,5th Floor,Apache Junction,Arizona,85219,1992-04-16,Female
1411,Marwin,Pencot,mpencotbe@nsw.gov.au,8502418733,Suite 21,Tallahassee,Florida,32304,1995-06-10,Male
1412,Luca,Turnor,lturnorbf@statcounter.com,2392945193,Suite 77,Cape Coral,Florida,33915,1992-04-07,Male
1413,Ambrosi,Clousley,aclousleybg@yolasite.com,7247297422,Room 1627,Pittsburgh,Pennsylvania,15235,2003-06-28,Male
1414,Quent,,qbenadettebh@biglobe.ne.jp,,20th Floor,Baton Rouge,Louisiana,70805,2000-08-03,Male
1415,Laurie,Rantoul,lrantoulbi@hexun.com,3128681968,Apt 707,Chicago,Illinois,60674,2000-06-12,Female
1416,Reed,Redley,rredleybj@fda.gov,8132705340,Apt 946,Tampa,Florida,33633,2004-01-20,Male
1417,Bald,Petegree,bpetegreebk@gizmodo.com,8057168033,Room 322,Bakersfield,California,93311,1993-05-11,Male
1418,Cole,Hancox,chancoxbl@economist.com,5051575157,PO Box 51489,Santa Fe,New Mexico,87592,2000-10-21,Male
1419,Judas,Costley,jcostleybm@chicagotribune.com,5719887710,Room 549,Arlington,Virginia,22244,1998-01-27,Male
1420,Fredra,Whitland,fwhitlandbn@digg.com,7044367593,14th Floor,Charlotte,North Carolina,28256,2004-06-26,Female
1421,Diandra,Fontel,dfontelbo@xrea.com,2149591616,Suite 85,Dallas,Texas,75265,2001-05-06,Female
1422,Jesse,Mibourne,jmibournebp@mediafire.com,8164699419,4th Floor,Kansas City,Missouri,64190,1997-05-04,Female
1423,Nicole,,nmonetibq@pagesperso-orange.fr,9132108675,Room 527,Shawnee Mission,Kansas,66215,2002-07-20,Female
1424,Ardys,Musson,amussonbr@geocities.com,9183786655,PO Box 23894,Tulsa,Oklahoma,74126,2002-07-31,Female
1425,Ernie,,eperriebs@hud.gov,2022959218,3rd Floor,Alexandria,Virginia,22301,,Male
1426,Abbey,Sambedge,asambedgebt@geocities.com,5015183866,Apt 1023,Little Rock,Arkansas,72215,2001-02-23,Female
1427,Friedrich,Muehle,fmuehlebu@cpanel.net,5126710776,Apt 973,Austin,Texas,78764,1996-11-01,Male
1428,Nester,Rapport,nrapportbv@oaic.gov.au,4079986973,PO Box 76234,Daytona Beach,Florida,32118,2002-07-22,Male
1429,Lianna,Congrave,lcongravebw@booking.com,4054146116,Apt 1465,Edmond,Oklahoma,73034,1992-12-20,Female
1430,Emmalynne,Byrne,ebyrnebx@jalbum.net,3303574237,PO Box 72210,Canton,Ohio,44705,1994-04-02,Female
1431,Lewes,Kid,lkidby@dot.gov,8435174146,PO Box 97933,Charleston,South Carolina,29424,2001-02-06,Male
1432,Chevalier,Lethlay,clethlaybz@naver.com,8602798301,,West Hartford,Connecticut,06127,1998-06-08,Male
1433,Kimball,Vuitte,kvuittec0@studiopress.com,2025862416,7th Floor,Washington,District of Columbia,20078,1993-05-18,Male
1434,Debi,Wallington,dwallingtonc1@slideshare.net,3052903917,11th Floor,Miami Beach,Florida,33141,2003-08-10,Female
1435,Karolina,Scoular,kscoularc2@sitemeter.com,6198625044,PO Box 29928,,California,92186,1998-12-25,Female
1436,Wayne,Stocky,wstockyc3@trellian.com,7752760968,Room 1337,Reno,Nevada,89550,2001-09-18,Male
1437,Reba,Gilby,rgilbyc4@symantec.com,3256089025,,Abilene,Texas,79605,2003-11-11,Female
1438,Mercie,Velten,mveltenc5@networksolutions.com,4125080264,12th Floor,Pittsburgh,Pennsylvania,15250,1992-04-23,Female
1439,Kynthia,,kshelleyc6@wikia.com,5031139713,Suite 85,Portland,Oregon,97201,1998-09-06,Female
1440,Claudio,Hellin,chellinc7@accuweather.com,2811523256,PO Box 4067,Houston,Texas,77095,2003-01-02,Male
1441,Hilda,Lebond,hlebondc8@cornell.edu,7183141066,PO Box 24643,Staten Island,New York,10310,2002-09-02,Female
1442,Langsdon,Renault,lrenaultc9@seesaa.net,5122585722,Suite 37,Austin,Texas,78749,1996-06-10,Male
1443,Marrilee,Haynes,mhaynesca@umich.edu,5706915613,9th Floor,Wilkes Barre,Pennsylvania,18768,1998-01-10,Female
1444,Hillard,McBrady,hmcbradycb@twitter.com,3139135448,Apt 633,Detroit,Michigan,48295,1992-12-28,Male
1445,Seymour,,slivingstoncc@opensource.org,9193690319,Apt 1481,Raleigh,North Carolina,27615,2001-10-25,Male
1446,Doloritas,Ward,dwardcd@blogs.com,4127941405,Apt 315,Pittsburgh,Pennsylvania,15205,1994-04-24,Female
1447,Ardelis,Muscat,amuscatce@amazon.co.uk,2085510040,PO Box 76278,Boise,Idaho,83757,2004-12-11,Female
1448,Fredi,Fulker,ffulkercf@alexa.com,8019874533,Apt 1763,Salt Lake City,Utah,84199,2005-11-13,Female
1449,Clarette,Jorczyk,cjorczykcg@cdc.gov,7131039355,20th Floor,Houston,Texas,77201,2005-02-04,Female
1450,Barnie,Bygraves,bbygravesch@nba.com,3153907734,Suite 98,Utica,New York,13505,2003-02-22,Male
1451,Rochella,Handling,rhandlingci@bravesites.com,9155894018,Apt 662,El Paso,Texas,88579,2000-04-29,Female
1452,Dunc,Miere,dmierecj@linkedin.com,3529835909,Suite 34,Gainesville,Florida,32627,2001-08-29,Male
1453,Griffie,Slocombe,gslocombeck@patch.com,5731975245,Suite 4,Columbia,Missouri,65211,1999-07-08,Male
1454,Arney,,aevittcl@pen.io,6615670858,Suite 40,Burbank,California,91505,2001-03-31,Male
1455,Clarette,Renner,crennercm@tinyurl.com,7631427298,Apt 973,Minneapolis,Minnesota,55446,1998-11-20,Female
1456,Peder,Buxsy,pbuxsycn@hostgator.com,9412345340,Suite 48,North Port,Florida,34290,1993-12-07,Male
1457,Duffie,Girodon,dgirodonco@dropbox.com,7067547460,Suite 89,Cumming,Georgia,30130,2000-09-23,Male
1458,Cynde,Wanden,cwandencp@guardian.co.uk,4057524302,Apt 176,Oklahoma City,Oklahoma,73167,1998-05-30,Female
1459,Karil,Skate,kskatecq@jiathis.com,8039457072,PO Box 70009,Columbia,South Carolina,29215,2000-09-26,Female
1460,Innis,Easlea,ieasleacr@biblegateway.com,9078902135,PO Box 59536,Anchorage,Alaska,99599,2001-12-07,Male
1461,Nellie,Stower,nstowercs@timesonline.co.uk,9188830284,PO Box 91168,Tulsa,Oklahoma,74184,2002-08-30,Female
1462,Kristien,Laffranconi,klaffranconict@mit.edu,5032743718,17th Floor,Portland,Oregon,97211,1992-05-26,Female
1463,Tana,Roomes,troomescu@house.gov,9132730210,10th Floor,Kansas City,Kansas,66160,1994-11-12,Female
1464,Tobie,,thruscv@dyndns.org,7023150974,Apt 410,Santa Barbara,California,93111,2003-10-25,Male
1465,Eziechiele,Saffe,esaffecw@nba.com,2533463071,Room 1146,Tacoma,Washington,98481,2002-10-23,Male
1466,Basilio,Cleaver,bcleavercx@army.mil,6467630776,Suite 77,New York City,New York,10060,2000-05-05,Male
1467,Sanford,,svasechkincy@netlog.com,3366917354,Room 705,Winston Salem,North Carolina,27110,2003-05-18,Male
1468,Maddi,Whelan,mwhelancz@spiegel.de,7193979311,Room 250,Pueblo,Colorado,81015,2000-01-28,Female
1469,Arlina,Baigent,abaigentd0@cafepress.com,2025254673,Suite 3,Washington,District of Columbia,20530,1994-05-03,Female
1470,Garry,,gkiezlerd1@myspace.com,3108999096,PO Box 97862,Los Angeles,California,90020,1998-04-16,Male
1471,Jackquelin,Swaisland,jswaislandd2@mashable.com,7038753239,PO Box 7721,Washington,District of Columbia,20041,2003-05-04,Female
1472,Gwendolen,Whye,gwhyed3@omniture.com,5201191455,Apt 1069,Tucson,Arizona,85737,2000-12-02,Female
1473,Elisha,Over,eoverd4@accuweather.com,4057900589,PO Box 59290,Oklahoma City,Oklahoma,73152,1996-02-19,Male
1474,Brianna,Wardell,bwardelld5@netvibes.com,9089649715,Room 1881,Elizabeth,New Jersey,07208,2002-12-01,Female
1475,Gay,Shoreson,gshoresond6@imdb.com,9722050407,9th Floor,Dallas,Texas,75241,1995-04-02,Male
1476,Van,Gillet,vgilletd7@marketwatch.com,4137834144,Apt 450,Springfield,Massachusetts,01129,1997-07-05,Male
1477,Grady,Preto,gpretod8@barnesandnoble.com,8127765408,Apt 1570,Evansville,Indiana,47712,2005-01-21,Male
1478,Maddi,,mrolandd9@sina.com.cn,7024581476,15th Floor,North Las Vegas,Nevada,89087,1999-06-28,Female
1479,Hedvig,Minihan,hminihanda@bigcartel.com,2254945245,Suite 61,Baton Rouge,Louisiana,70810,2003-08-17,Female
1480,Anya,Fumagalli,afumagallidb@shareasale.com,5713058369,,Arlington,Virginia,22205,2004-04-06,Female
1481,Starla,Brookz,sbrookzdc@edublogs.org,2033899206,18th Floor,Norwalk,Connecticut,06854,2001-05-14,Female
1482,Levey,Sunter,lsunterdd@microsoft.com,3055321506,Apt 294,Hollywood,Florida,33023,2003-12-07,Male
1483,Freeland,Sears,fsearsde@goodreads.com,5033281321,Apt 280,Portland,Oregon,97232,2004-02-06,Male
1484,Goldi,Grandham,ggrandhamdf@reddit.com,,14th Floor,San Diego,California,92160,2001-12-16,Female
1485,Beitris,Dusting,bdustingdg@latimes.com,2535087360,Apt 167,Tacoma,Washington,98417,1997-10-26,Female
1486,Rodi,Paulin,rpaulindh@whitehouse.gov,3037839592,,Denver,Colorado,80291,2001-08-25,Female
1487,Filberto,Comelini,fcomelinidi@wikipedia.org,3053315075,Suite 4,Miami,Florida,33175,2005-10-24,Male
1488,Jessi,Skittreal,jskittrealdj@cloudflare.com,7022664902,Room 815,Henderson,Nevada,89074,1993-07-11,Female
1489,Abigail,Noweak,anoweakdk@homestead.com,6176369258,PO Box 64134,Newton,Massachusetts,02458,2004-11-08,Female
1490,Alf,,aberrisforddl@sakura.ne.jp,8021065019,Suite 37,Montpelier,Vermont,05609,2004-02-04,Male
1491,Missie,Fernandes,mfernandesdm@bandcamp.com,9048730460,20th Floor,Jacksonville,Florida,32244,2005-09-17,Female
1492,Dolly,Gammade,dgammadedn@edublogs.org,2083982811,11th Floor,Boise,Idaho,83722,1998-09-07,Female
1493,Linette,Dislee,ldisleedo@sakura.ne.jp,9195774438,PO Box 24953,Raleigh,North Carolina,27610,2004-06-18,Female
1494,Mycah,Marnes,mmarnesdp@godaddy.com,8606383632,Suite 38,Hartford,Connecticut,06152,2003-09-29,Male
1495,Hardy,Degli Antoni,hdegliantonidq@posterous.com,5736218977,PO Box 51184,Jefferson City,Missouri,65110,1995-08-10,Male
1496,Roselle,Rau,rraudr@wix.com,5045046611,,New Orleans,Louisiana,70165,1997-06-11,Female
1497,Olva,Farrand,ofarrandds@123-reg.co.uk,,11th Floor,Bethesda,Maryland,20892,1996-08-13,Female
1498,Shae,Dawley,sdawleydt@webeden.co.uk,6514114007,PO Box 63345,Saint Paul,Minnesota,55146,1998-08-02,Male
1499,Jess,Raynton,jrayntondu@parallels.com,5707428747,Apt 1938,,Pennsylvania,18706,2002-01-31,Female
1500,Roseline,,rhrycekdv@yolasite.com,,Apt 1873,Albuquerque,New Mexico,87140,1995-07-25,Female
1501,Vernon,,vduckitdw@tmall.com,6239273435,Suite 100,Phoenix,Arizona,85035,1998-02-28,Male
1502,Aubrey,,asparwaydx@irs.gov,8146510137,Room 1597,Erie,Pennsylvania,16565,2002-09-17,Male
1503,Park,Boleyn,pboleyndy@ftc.gov,4029612509,Apt 393,Omaha,Nebraska,68197,1995-08-19,Male
1504,Preston,Spada,pspadadz@163.com,3123657234,Apt 1551,Chicago,Illinois,60691,2004-09-27,Male
1505,Costa,,ckase0@archive.org,5131866773,PO Box 81419,Cincinnati,Ohio,45254,1995-01-25,Male
1506,Cami,Peppard,cpepparde1@livejournal.com,4143850949,Suite 40,Milwaukee,Wisconsin,53234,2004-04-27,Female
1507,Daria,Bowler,dbowlere2@vk.com,5621071959,19th Floor,Whittier,California,90605,2002-06-27,Female
1508,Blondy,,bellande3@fastcompany.com,5595605407,Room 1282,Fresno,California,93786,2001-07-19,Female
1509,Eartha,Roycroft,eroycrofte4@senate.gov,8132263778,PO Box 303,Tampa,Florida,33673,2003-11-28,Female
1510,Dorise,Hurdle,dhurdlee5@nifty.com,3034989169,Suite 71,Aurora,Colorado,80044,2004-06-26,Female
1511,Rici,Baptie,rbaptiee6@com.com,6161671169,PO Box 4361,Grand Rapids,Michigan,49560,2000-11-21,Female
1512,Aldo,,aassitere7@privacy.gov.au,9037974112,,Texarkana,Texas,75507,2005-06-23,Male
1513,Ingram,Mallord,imallorde8@sbwire.com,2023523646,Suite 65,Washington,District of Columbia,20551,2003-08-29,Male
1514,Vera,Gooke,vgookee9@mediafire.com,3104044583,13th Floor,San Francisco,California,94105,2005-11-24,Female
1515,Dar,Rounce,drounceea@mit.edu,4691575134,Suite 66,Dallas,Texas,75205,1998-10-19,Male
1516,Lou,Crosscombe,lcrosscombeeb@cisco.com,3344782803,Apt 143,Montgomery,Alabama,36125,2004-08-31,Male
1517,Calvin,Tarzey,ctarzeyec@cloudflare.com,3075850902,Suite 66,Cheyenne,Wyoming,82007,1993-07-10,Male
1518,Lewes,Noulton,lnoultoned@wordpress.org,9208820637,Suite 24,Appleton,Wisconsin,54915,2002-02-14,Male
1519,Maxy,Geldart,mgeldartee@yelp.com,6463655134,,Brooklyn,New York,11215,2000-12-24,Female
1520,Jacqui,Chivrall,jchivrallef@t-online.de,6788639682,Suite 41,Duluth,Georgia,30195,1993-10-20,Female
1521,Ethe,MacGorley,emacgorleyeg@nasa.gov,2813449665,Suite 43,Spring,Texas,77388,2002-04-30,Male
1522,Joscelin,Gonneau,jgonneaueh@boston.com,6174888191,15th Floor,Boston,Massachusetts,02298,2001-09-13,Female
1523,Karim,Baulk,kbaulkei@europa.eu,7209138234,Room 1506,Denver,Colorado,80204,1994-12-10,Male
1524,Barbabas,MacKaig,bmackaigej@engadget.com,9038422032,Apt 139,Texarkana,Texas,75507,1993-02-07,Male
1525,Camey,Drees,cdreesek@senate.gov,,14th Floor,Fresno,California,93794,1993-03-16,Male
1526,Myrtice,Epps,meppsel@tiny.cc,7029869902,Apt 433,Las Vegas,Nevada,89150,2005-05-21,Female
1527,Mord,Teece,mteeceem@alibaba.com,7148880204,Room 1097,Irvine,California,92717,2000-01-06,Male
1528,Forest,Habbeshaw,fhabbeshawen@dagondesign.com,9046317705,Suite 55,Jacksonville,Florida,32220,1996-08-29,Male
1529,Gilbertina,Tunny,gtunnyeo@umich.edu,9512787866,Suite 83,Riverside,California,92513,2003-12-07,Female
1530,Melli,Gori,mgoriep@indiegogo.com,5713829920,PO Box 77078,Arlington,Virginia,22225,1995-12-17,Female
1531,Davy,,dguiseeq@twitpic.com,7061839016,Apt 167,Augusta,Georgia,30919,2004-03-08,Male
1532,Brynn,Egerton,begertoner@bbb.org,6171103307,PO Box 13447,Boston,Massachusetts,02298,2002-07-21,Female
1533,Karlyn,Martinyuk,kmartinyukes@elegantthemes.com,,8th Floor,Miami,Florida,33134,2003-07-03,Female
1534,Cherin,Gilvear,cgilvearet@ifeng.com,3362345107,Suite 50,Greensboro,North Carolina,27499,2003-07-24,Female
1535,Bern,Moyle,bmoyleeu@yelp.com,8136875862,Room 1692,Clearwater,Florida,33758,1999-04-27,Male
1536,Hilly,,hgiovanardiev@taobao.com,8479239177,Suite 1,Palatine,Illinois,60078,2000-12-17,Male
1537,Bertrando,Eagell,beagellew@is.gd,,Room 1710,El Paso,Texas,79916,1993-12-06,Male
1538,Corly,,ckibardex@1688.com,4046010518,Room 391,Atlanta,Georgia,30301,2003-09-07,Female
1539,Dayna,Champe,dchampeey@gmpg.org,3863422414,Suite 80,Daytona Beach,Florida,32128,1998-01-04,Female
1540,Duffie,Olivie,dolivieez@oakley.com,2129113172,Room 1053,New York City,New York,10260,2005-04-23,Male
1541,Emmet,Noweak,enoweakf0@hexun.com,3179916558,Apt 1196,Indianapolis,Indiana,46295,1999-07-11,Male
1542,Franny,Bockman,fbockmanf1@gov.uk,4012853785,PO Box 36306,Providence,Rhode Island,02905,2003-12-20,Female
1543,Alena,Brogan,abroganf2@constantcontact.com,7013643662,PO Box 89669,Grand Forks,North Dakota,58207,2003-07-30,Female
1544,Faina,Rostron,frostronf3@google.com.br,8045378011,PO Box 87296,Richmond,Virginia,23289,,Female
1545,Amalee,Crosskill,acrosskillf4@mapquest.com,9524692536,Room 318,Young America,Minnesota,55557,1993-11-25,Female
1546,Pennie,Jakobssen,pjakobssenf5@angelfire.com,2025166107,7th Floor,Washington,District of Columbia,20062,2003-11-30,Female
1547,Sharron,Hainey`,shaineyf6@mac.com,5012083724,PO Box 53513,Little Rock,Arkansas,72204,1998-11-21,Female
1548,Jameson,Djorevic,jdjorevicf7@globo.com,3123729215,Room 1551,Chicago,Illinois,60697,1996-04-29,Male
1549,Gaby,Sallier,gsallierf8@csmonitor.com,9161619982,PO Box 61799,Sacramento,California,95894,2002-01-04,Male
1550,Humfried,,hhouldf9@latimes.com,7634222573,PO Box 56147,Minneapolis,Minnesota,55448,1994-02-05,Male
1551,Nathanael,Cradoc,ncradocfa@sohu.com,8136742622,Suite 33,Tampa,Florida,33620,2005-08-17,Male
1552,Trudi,McCullough,tmcculloughfb@google.es,8061802941,Suite 6,Lubbock,Texas,79491,1993-12-17,Female
1553,Obadias,Iceton,oicetonfc@liveinternet.ru,9518745815,Suite 47,Moreno Valley,California,92555,1995-11-13,Male
1554,Carol,Shovelbottom,cshovelbottomfd@state.tx.us,9013097827,PO Box 52116,Memphis,Tennessee,38126,1996-02-26,Female
1555,Pier,Hurtado,phurtadofe@artisteer.com,2028724189,Apt 689,Washington,District of Columbia,20535,1997-09-03,Female
1556,Hubey,Henze,hhenzeff@earthlink.net,5701938842,PO Box 34648,Scranton,Pennsylvania,18505,2000-02-18,Male
1557,Guglielmo,Allport,gallportfg@mayoclinic.com,,PO Box 7031,El Paso,Texas,79984,1996-12-30,Male
1558,Kirstin,Donovin,kdonovinfh@ifeng.com,2064531605,PO Box 23585,Seattle,Washington,98140,1995-11-16,Female
1559,Tye,Gaskill,tgaskillfi@mail.ru,7186829577,PO Box 24884,Jamaica,New York,11480,1994-07-16,Male
1560,Caressa,Helleckas,chelleckasfj@webeden.co.uk,6823027430,12th Floor,Denton,Texas,76205,2002-06-09,Female
1561,Jared,Swyn,jswynfk@si.edu,3158163500,Suite 43,Syracuse,New York,13205,1994-11-29,Male
1562,Vita,Beceril,vbecerilfl@networksolutions.com,7858832963,7th Floor,Topeka,Kansas,66699,,Female
1563,Binky,Hourston,bhourstonfm@pbs.org,4041793062,13th Floor,Atlanta,Georgia,31132,1994-01-31,Male
1564,Henriette,Moxted,hmoxtedfn@columbia.edu,7124474407,12th Floor,Sioux City,Iowa,51105,2002-03-23,Female
1565,Orin,Trail,otrailfo@sohu.com,7852630399,PO Box 99859,Topeka,Kansas,66617,1992-02-25,Male
1566,Alan,Learmont,alearmontfp@tripod.com,7864408641,Suite 26,Miami,Florida,33124,2004-06-30,Male
1567,Nil,Mullins,nmullinsfq@homestead.com,2039012322,Suite 14,New Haven,Connecticut,06533,1998-01-28,Male
1568,Arielle,,adungatefr@behance.net,5088136660,Suite 45,Brockton,Massachusetts,02405,1995-05-24,Female
1569,Oren,Moye,omoyefs@ebay.com,8177249451,17th Floor,Fort Worth,Texas,76147,2004-12-30,Male
1570,Pet,Norree,pnorreeft@youtube.com,3049819532,Suite 4,Charleston,West Virginia,25336,2004-05-07,Female
1571,Conchita,Stedall,cstedallfu@bloglines.com,6461155913,,New York City,New York,10099,2003-09-22,Female
1572,Harrison,Lansley,hlansleyfv@blinklist.com,5087772487,PO Box 87420,Newton,Massachusetts,02162,1994-07-31,Male
1573,Humfried,Lasslett,hlasslettfw@artisteer.com,7579490691,Apt 45,Norfolk,Virginia,23509,2002-04-30,Male
1574,Athena,Pead,apeadfx@mtv.com,6025080163,Room 1086,Gilbert,Arizona,85297,2005-10-24,Female
1575,Danny,Rive,drivefy@gizmodo.com,5854830110,15th Floor,,New York,14624,1996-10-27,Male
1576,Nancey,Taverner,ntavernerfz@geocities.com,9039343974,8th Floor,Tyler,Texas,75705,2003-06-11,Female
1577,Zuzana,Shearmer,zshearmerg0@is.gd,2026759673,PO Box 65677,Washington,District of Columbia,20268,2001-12-08,Female
1578,Jared,Trevillion,jtrevilliong1@census.gov,7139884192,Suite 38,Houston,Texas,77271,1993-11-14,Male
1579,Hillyer,Yeliashev,hyeliashevg2@joomla.org,2398483745,2nd Floor,Naples,Florida,34114,2004-01-12,Male
1580,Mersey,Shapter,mshapterg3@theatlantic.com,4077023860,PO Box 19394,Orlando,Florida,32819,1999-04-15,Female
1581,Merrill,Angood,mangoodg4@ning.com,2125902222,5th Floor,New York City,New York,10110,2003-09-23,Female
1582,Stanly,Handsheart,shandsheartg5@networksolutions.com,7176345834,PO Box 50259,Lancaster,Pennsylvania,17622,1996-08-22,Male
1583,Aggy,Laidler,alaidlerg6@java.com,9178725371,PO Box 33035,New York City,New York,10034,1998-11-10,Female
1584,Kristoforo,,kcappelg7@sohu.com,6029001583,PO Box 58385,Phoenix,Arizona,85062,1995-11-29,Male
1585,Byron,Pietasch,bpietaschg8@github.io,2056561885,13th Floor,,Alabama,35285,1992-03-13,Male
1586,Broderic,Barnsdale,bbarnsdaleg9@symantec.com,3047762587,Suite 34,Charleston,West Virginia,25321,1997-07-19,Male
1587,Berton,Vaggers,bvaggersga@cnet.com,5187490702,,,New York,12262,1994-09-25,Male
1588,Sheppard,Gleaves,sgleavesgb@baidu.com,7143699381,Suite 61,Garden Grove,California,92844,1995-08-16,Male
1589,Barty,Jantot,bjantotgc@oracle.com,5748788387,Suite 48,South Bend,Indiana,46614,2005-01-28,Male
1590,Peria,McDonnell,pmcdonnellgd@abc.net.au,4051432884,13th Floor,Oklahoma City,Oklahoma,73147,2000-04-09,Female
1591,Karleen,Jephcott,kjephcottge@ucoz.ru,9549691256,Apt 1653,Fort Lauderdale,Florida,33305,2004-05-04,Female
1592,Coleman,Bartolacci,cbartolaccigf@mail.ru,9011623224,PO Box 51438,Memphis,Tennessee,38143,2002-05-01,Male
1593,Reeba,,rchilcottgg@narod.ru,6128673918,Apt 657,Minneapolis,Minnesota,55448,1998-07-13,Female
1594,Lanae,McHaffy,lmchaffygh@com.com,4194348353,PO Box 74983,Toledo,Ohio,43605,2003-03-12,Female
1595,Chastity,O'Griffin,cogriffingi@mayoclinic.com,4083771748,PO Box 77681,San Jose,California,95160,2001-10-04,Female
1596,Giles,Maryman,gmarymangj@google.com.br,3147046491,Room 71,Saint Louis,Missouri,63158,1993-05-10,Male
1597,Stanwood,Kimmince,skimmincegk@usnews.com,7278027779,Apt 936,Saint Petersburg,Florida,33715,1994-08-13,Male
1598,Xavier,,xmccordgl@etsy.com,6263258166,14th Floor,Burbank,California,91505,1994-05-02,Male
1599,Iggie,,icrepelgm@nifty.com,5122410303,Apt 1926,Austin,Texas,78737,2004-03-12,Male
1600,Hannis,Wortman,hwortmangn@ovh.net,7135264349,8th Floor,Houston,Texas,77095,1995-05-12,Female
